Person 1,Person 2,Anniversary
Dr. William Jackson Jr.,Ronald Parks,1997-04-29
Hannah Thompson,Carla Cross,2000-11-23
Jordan Goodwin,Lauren Briggs,1997-03-16
Steven Bowman,Christine Mata,1982-06-21
Paul Kelley,Troy Reed,1980-05-09
Kimberly Parker,Mary Harrison,1991-02-09
William Cooley,Melinda Lewis DDS,2008-05-28
Leslie Page,Randall Skinner,2004-07-22
Taylor Smith,Catherine Campos,1981-06-12
Debbie Johnson,Amanda Stevens,1987-09-20
Christine White,Wesley Alexander,2018-02-15
Jose Bradley,Sandra Williams,1977-09-09
Brittany Simmons,Shannon Silva,2008-09-21
Samuel Gomez,Shannon Rodriguez,2012-11-10
Patricia Bryant,Lori Garza,1999-04-20
Michael Frank,Robert Stone,1975-12-16
Andrea May,Robert Gonzalez,2002-05-15
Monica Torres,Daniel Martin,2012-02-27
Brittany Simmons,Taylor Smith,2008-03-15
Spencer Smith,Wendy Massey,2020-12-08
Michelle Hensley,Christine Mathews,1984-03-28
Alexis Sanders,Johnathan Hansen,2022-09-23
Lisa Nguyen,Leslie Page,2002-01-06
Dawn Rodriguez,Steven Wright,1992-11-25
